accountid	name	rank
f072a307f36f401e93b1ddc9db0155c3	DouYu-33783	1
249465c18c194ce98183f7c2941af6c2	XiGua_5215210	2
adac22cb9887477ea30498b06ef6521d	Huya_HeiMao-	3
ab46de8032f24d799c7dd4e3c3305883	DouYuTV-6298136	4
7fceabd8d762418c8651853c5aa18d94	XiGua_5200120	5
b83188b4de6745b882876f516e8f1e52	huya_17439179	6
0a094e3c5db34de6bfa8ddf9091083cb	HuYa_17565367	7
121734ca859e4b81add3fdd489af7f0b	HuYa_17343277	8
921848828b6042779a36a5b1766757d2	huya_DAE	9
2fcc9df1e86149eaab66ae36d805cf25	HuYa7suo	10
4b4f953ad152498b839fd2350776e9e8	CoolF1sh	11
fc16e54c8e8e466ca9ab3d3890723fd4	ACE-cGeggggg	12
c77e50f09fbd4923bbae557b7e342589	CoolMi14	13
254186c25938429e83eac50ce67c3969	Hei-huhu	14
04b8fa1d373f4569acac80a0283d5e29	HuyaTV_16438297	15
1328f4a6a1444408845ecb0cbd24ba61	Gx_Xiaogege_4Me	16
c4501640f15148d9be8304d91801778e	Havana_Rabbit	17
a1572c40a0e14a95b7923c3abedd0184	Faith-KingH	18
dc18e30895ad499f96044e7be61d6781	Afreeca_DokGo	19
9a3cdaf11026439ab63e40f10d4d628d	JellyBeen	20
8831b457184244278b7e2c9eb930fd0c	AbnormalMan_TAo	21
8dca096567034a948cf37070194fb7a9	MaRs_WeiXiaoooo	22
35bcd97510ac4ddd934fa39831acdfa7	Daddy_OldMan	23
c7ff66ef44a242a7a81eef1096b8eda1	YishengOwO	24
8959dfe1941f4ba1a35a5906c2e29cef	cytandhyw00	25
60242c81dd9c4e718987b8b489aedea6	HuYaTV_16123221	26
f6c34a48ba544e99b505165c678ca734	ZuiaiFeiya	27
4d9db67ffb7244378bdd8149ad0d27a8	MaoTaiGai	28
4c17a53188004ef596c0e788c53e7164	LeShanAwenOvO	29
eea66ca4d2af4bcdb77d6e3068b344e8	Bootcamp_Nagari	30
3e20d003959144e189b40ccc043b8d31	BX_LiuBo	31
13f6c9dcbc8a4fe6afc19c3f8a2f9130	DouYuTV-6254947	32
953038827af449809706b66f32a91551	whdals256	33
807bbb2a661d40a8929c5280d9729581	DouYuTv-3722664	34
e882a80cbc5540c48dc37793c70d79c3	18A_XiaoKong	35
51ac97ca109b49638f793e55591c2320	merciless-Atuo	36
335a51d3d2754eff912d8573ccd743d5	qiaoben87	37
33b346d8999b42f983df70d66e694390	Douyu_6148804	38
faaf1d74a2e84889802f39315615cd50	zhujianhua1205	39
61c905ced95749848262410cb9096d4b	Faith-KingT	40
bb19834ab61c4cd195a58e432e07db6e	nishinim	41
68dd6da487e14363b5e1c5c590261dcc	IamYinGod	42
42dcb22dd71a40ac8d0a593f02a2296b	BeiShangNanHai	43
7568e9d1b0434f6689802d64adf59e5f	Ace_Tank	44
ff9eefb61d51436a8414c5f943ac9d0d	0prEssur3-JeerT	45
a9ceccdc9377491ba85bd3bbb57a7a2e	M24_killer_A	46
32054cb5e7bb46429114b1aa25643b3f	Tobuywiner	47
05ebf69f9d424ff09df404188f930dbb	HITSCAN__GGYU	48
a86970de89674c358f858e33b639092f	Muou_YY789922	49
2d760e9e2ec7439b99c3a3e85307cc1c	Nake028	50
8d74d8c318cd49d898b1436e2a251544	qqq12ppp	51
bfc15487ce2d4c05a9cebc90b4589d53	SQLspring	52
77c1e9f79ff0429bb5dcba8afdae58fa	Never-Always	53
7e3a3e462b484feeb968f5c2549fe96b	0000000000000003	54
0e7951a0eac046279b1376087ac29aaf	The_Ace_King	55
b377565c5fe447c0a1221faec03d585a	Warsquad_Pony	56
74997c6d4829440ab97d0147e8640eab	weijunziI	57
9fd9f54eb71f48fbb3f74d855109f1d3	pAnTa_Fj	58
57650c08d18c493392b5208c127ee9c6	Yy310017_WDF	59
9f0bd1cd07d8430d914c64e2a39715ec	MaleGod_DuanYu	60
79c04477ddef4805994701f6934efc32	Because-foryou	61
50206a4788f14703a65ddcf3f2e77cfb	BeYourHeroOvO	62
6a0314c9c191407bbba1f4a9c5719b46	PeiWan-FengZI	63
50b6d241a8f442f58e09e6386c7a4b30	Ronin--12	64
61fbf32afaa24b4fab66b5d2273d660a	go777777	65
7bdc941c1f224c23b855a2e74c713b7b	BP_HaiGeGe	66
95a26b7ea8df43f38597a48f7a8c4a87	DouYuTV_983203Ys	67
77bc3bc17ad74cf488ee985a2c406546	ACE-zHanTuuu	68
8d4fff0d3f3c4e8da65da1bdcfdaa2d7	C9_Lizhizzzz	69
b7682cc1e010403fa0286d3b121841bd	ACE-13Christmas	70
db02bd4d20f948af80557ba373a685ae	RRRRRRRRRR___	71
2a81b56859c84a7bb781498839ca3f54	SLJ-Yususu	72
8cfe0dcf95a54b64ae50e8b7734d507c	kdkcfmdkfj	73
c9d38d253a424f3a8c9dfcab4710cfeb	Cross_Captain	74
6bf1ca6c7cd84422a754a303481196b1	racoon486	75
f9360252ef8b415e916873671f9e6885	RMB-Shuai	76
3062df9da821432585b7d5b5a2b8e82b	Kbz-DdochiMoN-3-	77
a67cfe7fd7e84dd98005c6ee2d3b1f14	Loo_DanHen	78
4bb982a8087f4b43964dab84c3a8a04e	Re_Leom	79
cda99a8b01464702ba6cb2f20d64f779	TruE-LovEg	80
11589249957940519f67f139d331fdb4	C9_DaMoWangZzzz	81
502c161dd2334f13adf62f604ecdf3d8	YuLe-AK47	82
0226f9deaab947c181758b68b1440f5a	ziqiDIXIAONAIGOU	83
a7c84acff2ee4a56bf4402003bb3383d	taolu1475510476	84
82d9913b6c734473be40d4886552a0cd	HuYaTv-17533308	85
a2a2e3ce71124c698e2811d169fc8735	Chalk_Azrael	86
e534880d46ca4ad2874a483c30a92cea	bi-xin-49759003	87
22c27a5759e4426b896a12bf38e0cb86	kingbcksa	88
b3d8c668081e48a494917d4c7db80c31	HuYaTV-13133085	89
1648a0b14fcb4096b809b4a89a11ad0e	Douyu4260100_Snm	90
6846d7f76a344414850dcf93c29b8afc	TAOZHIYAO131	91
09a240b94c914fc396de8ac808484c90	Viewy-_-	92
73cbfa23ed6e41c68fbbb7a4f03ba65b	XIGuaTV_995599	93
a0d34eb6442c4b7b8b93551e10bab3ce	Dear_21cm	94
1943cb449c674b3d854399bde10c4619	HuyaTV_17261023	95
4ca267f08eb0417ea42cfe6fb61f94f1	Rcossio	96
a1e73c06152c4c18a2babe2d91c4a648	keyIer	97
c3562bc7de6b4dd69233bfe925a4b313	Club_Middle_15	98
f22b9abf567e48f0b6d7b508fe0b531e	HuyaTV_10399345	99
c862a9aef0754f74a4dc7ad34d3206d2	Liudehua87	100
d14bf8067ef24970a5b5b8dfd8c0567f	MataQoQ	101
4ce9d6affd554d84875c07174f734d19	HoRizoN-chan	102
10844bd9269148a7ae48470696e4fd1b	LmFAo_LKnight	103
0c38fae66a8842e7abbc6634c0da8d19	MonsterssssssssS	104
8a0a8122882b4b55a519795821bbe43f	Natural_sta	105
2fbb8879d8644d3bb8d60859c1056ffc	Loo_BuyanAixL	106
93be53e87264433f8b5b2fce852ca8c8	HonorFaith007	107
2ad1446fa2274845a505b8333c6d0ed5	STG_xiaodao	108
d08a5f3b13ca4a9d86296027ef9aacc9	ihho_	109
78d5de1e6dac4c29ad72e12247524aa6	6B_gujuji	110
9bd444ad62724060b44dd2dd634b1248	9ciii	111
2aa1c352f365447f9d3762314e73baf1	KKP_YzG	112
a355a40d629a42448f4297cf983bdc44	XDTeam_LinXuan	113
372409c9815642c5828349431a56cbf4	Huya-13951867	114
48545bf563ad427092e6561852b556a8	4SMR_panpan	115
3845b248863e465e979f6d4b082a0363	Zero_Molika16	116
451ac858a5164d5e8f206f12b5d2fd29	M24-M416-am	117
9234bd6ae84044b8b3dddf4c3efdd350	NewdsonFPS	118
5bf128f70d1d445498b9109d35dd5e77	HuYa_16317446	119
f9137083bd83401899e16b7a43a3a34b	Dlts-Invincible	120
d457427c0f054fb4b1fca928753873bd	PUBG_Euah	121
e8a93676626e4280be988aeb344cdabb	ouokkk	122
e0205af6c4a149a09ea8df7255394537	Where-am-i-going	123
f456a15275a945cfb2365bdd15daee9d	GodlikeGirl_Sang	124
e68fdb3b664045dea11f35d04bd4c663	HuYaTV_17218611	125
afa2552f7b7642ec8af8204bdd39f413	DouYuTV_4443084	126
78f8854735bf4fd2b43a097ce7055637	Xll_Diem	127
eba84448417e4ded8a464ab2ab7cabbf	Cn1_nopro	128
34d7d4c21d62445db587e271a3c4c512	Qc_miya	129
b2fda0ed71da4420a5a6ad09741998b6	HuyaTv-17773970	130
d3a6934d3ae5464e88f4f5ec70af3222	DouYuL99	131
f6a478cea6fa4249a846943286948662	diuleizhihei	132
d9bc28ca248446b69fba84b7ce9ca89c	NetWork_Sim	133
9e6163e0fed449d0ade995be5460125f	KsTv_Max_yecheng	134
28cc059c0a254385afad80ce03400c70	Monster-suiyue	135
7fb58ff313314f539748eb23eaf3d9e5	HuYaTv--16819391	136
a569e473220b46fca688c78f77225351	xinerailm99	137
0fff729eb2a544379e8eefe3d45d3dd2	Sakura-kgg	138
f0bb4bf314e7406bb8d638442352a428	BabyMoWo	139
9c008cbee640466bbcb215de0a36f881	Xiao-bichi_	140
b5c1b6a4cd1f463aae6f4be8ebc61aa9	Yn18G-ALnice666	141
6bd24134307e4fc7b2e03b17d0923921	Minggng	142
e30308f8b41d4ed886b4c6845d5d8f11	MyPrayerDeargod	143
253733b5898d49928611243f8bcdbccf	colarcoco	144
a70c45a0768e4915a0618f179c0971a3	HuYa-11486182	145
2d4eed1b0e2e4d8fbf59c1c59d4b10e5	Muhammad444	146
7666d32dca514613b3bbad08c98b21d0	Su-SssWy	147
0745e0b43bc04a8da572962ba8c5eb30	QY-ZGY	148
187396e882e54109be4d50b05bcb6340	ShuFuM	149
4d33743e93684e9687fe2b5bd6f27f1e	GM-Tx86	150
2f8b8142951f4b22a985553b050d733d	Entertainment-5o	151
45e96cf5b5d145d6bbd5db4fa4e02a39	DouYuTV_6269676	152
ecf4c1a0a69346c997bb05fbe1b20e1a	NoBn	153
665858db698545cc9df1194824e252b8	shirunxin	154
34ab8b8ee68642d89f6cd264c2649d7c	Yy100_M4ZZ5	155
bc4730a155bd48ac893e8b2f5290acba	0_0yangxuan	156
5d5cd98cf63c4efb9ec0fd0dcd8ec5be	tv520999	157
91869f91ca3d469eb4bebaac8895926c	T-TingErQaQ	158
8395775ccdb940c498320dfa10ff2e4e	Huya_17105607	159
0a936fed59d1460aa6e58b2f1a7dc1b7	qianjieer2	160
f98360ba6ec34f03a720a13069d28178	CrazyGentleman_	161
52580f825b2d4bc6b97d49c3cd680a5d	Faith-Faya	162
9b4298c157984f639f8ba3a89df8ecbb	RHB_WZ	163
361a828604ef43169868ac8816c88916	FBI-Mao9	164
c5bb90d8a0e74cdf89b73071c0ad75c8	XuNianGG	165
021c5dcd730f450781a33131587f9532	papillonblanc	166
ff97edb9731747c283d65cc125454535	Aimme	167
86d3b141ea3b4bcf81cce0df3840f6c4	ACE-xiaoding	168
a79b6fa9bd534886bb0565ccf5993374	nick_at_omm	169
129992ffc5874494ac35c9527732247c	Bad_aunt-Gp	170
9f2110ede3184ac1b041aa144e07d6ae	HuYa-TV_10693568	171
406e40dc2acd4b8c87000c104f61383b	Memorise-Lc	172
9d801d28f8934f5186aa090b9b166f69	EA7_Sniper	173
408a9cdad4a24e03b4a1280ede0df4cc	Twitch_TheJoonTV	174
4d3547fe846149af92e27fec4f4dcb76	Pro_BoNUs	175
6b0a945030f042b28b6b2ef752717fe3	Huya_LaoMaQue	176
c20ef47fb58543d09343033f93918cbd	Yy82608_PGone	177
1ccc5e1224c74091921519126bb3c7c5	yeeeeezi	178
29f0e0f305fa448295b3049f33a0b20e	HuYa_16963591_LX	179
076a05151e9944e7a3bef99c4bbbb4ab	NGT_Akira	180
1a03f49fd59c4c0b807434111ded0710	Xiangge20cm	181
78df4013f89e43089cbc7f4e7547c8e7	killermathilda	182
15ba57e483694cac85c5248bf69ed3be	WCG-Wangwang	183
2e0140f6380b4180af7131deeb6440d5	JustGoToSlee9	184
adcbc0c4a3c14dc9b828e732c2873c53	xiasiwole_	185
8abc1875767141afaa1bab71a335bf03	KoG_TyFenggg	186
b28160f622d7406ea2bb76213592cf8b	LXW-9527	187
8c6bad588d4e468e85201dd5c0c26f16	HuYa-16877785	188
ae2d034ea29d41ca90dcca4856ef66a1	kar-98k-opo	189
44d795bac87d4d17b76497642fe2ece2	TTS_996	190
016e30fcac094d30bcb6510870b5a8f8	Tiantanglaike23	191
2832eefb4bc041c78ccec0bebc3b57e0	DGM_liAnkXxxx	192
7e3322b1046b443ba7d6db9dca394ac1	AndPigg-	193
78e62b5c15224ae6855267ef349ce076	wlgus9615	194
fd1df838e91a40dab3534d591af289b9	ShaoXiaoMao--	195
4a55ca66be944c9dbe145e0233333497	Wang-Qiao-66666	196
4f23dcdc26a44a1398e5e6467599ab4d	Dear_17cm	197
9711d69bbcb340968b8195a6bfd3e2cc	ACE-LaoErrrr	198
a4c8bf1a081b42f4993dacb601a8c3df	Miss_sweetberry	199
badac94088554fa9a4d65559ef230ae5	DouYu6455140_Gc	200
0c3b0258d3124bb8838123de599c30c8	WMG_BeiDou	201
cffaba9ea53a40f0ba34f77936893060	OMG-DaiGuo	202
917eaf1a7f124de38083dd8c1cadef7d	TKI_LGqinG	203
2c68293510b74501b0d2b0a2f6e7bcf8	ACE-BingZiii	204
3929b8ff28ee42f681832476267b96b6	nicejingbao	205
e26bda1b06c54e4fb2a503ab12904f6d	China_No_1-Ergou	206
a86033b4f6b245bf868fcd8c0f6f639e	PGI_Liunengneng	207
3c0bc26d11854cc9afb5a84d7d5c3ecb	VE_Aznh	208
bb9c5517075844148e8aefb636011eac	Vanish_Bao	209
9cee562b0d7d4ae6b26a8f4759edb489	CoffeeQuQ	210
e195e7d343504661bd93aaf97c72e017	Dionnzera	211
d1f4e71f3d554da3a5a47e97d2a81a54	JuneSeventeen	212
634c734e0b79484a9cea506ca7a75284	DJKuKuJiaoXXX	213
b683eb78ce6544c9884a2453557bc94d	Akrios_ToT	214
d25ce00285024384b9a5397be9204482	YingXiong_gg	215
db98d73820c747b197d5b0ea496cd528	IDTT_CatCat	216
47ad5225fe564a0aba7658870c0cdb08	mowang1063170647	217
b41539a9ed5c4b6db856f034b48cdf81	4AM___zushiye	218
154ab7121af24caa8ba4ff8fa1e3f239	Qi-jia-Yi	219
2cb129875cb94dd995826d626a4c81f5	1377348545	220
776bd0b3e28849a6a8919101b925d755	WJ_naughtu	221
4c7444c2217f41e29a54e05dab312390	HuYa270405_NM	222
964f67ea93474842a95f7d79ba2ac1bc	JohnDyne	223
481720897fc445feabee48e635ea13d2	AyxCxTLYzQ	224
74ddf1f160ef4c07b5942832a63aa300	HuYa_Yimo	225
e4274bf773354bd59c8a362b10eb3b8e	Zoo-sigui	226
e741c8ced5cf4f4491a127919b8b6bc9	Principal_Yang	227
0d11ee2e3ead4558b8c5ad368e8d3611	Cdhhua	228
9eaf159e5fe94f7fab3370759c4e981f	AbGunKiLL	229
74be53bcd8984359ac540dc3b61ef25f	Khaydarov_707	230
4f19dda5e0704b499d515ea50c3c11c3	4AM_Lancer_K	231
e3f47645f2c24195965f18341a73e8a6	DouYu-TV_5774403	232
7ff6f359a9b348459944fe718c66fb12	pumasix	233
11c4a77176cf41bc9ac28d57f1f3c0d5	ilove2116	234
fb2fe014db5245e68ef237da6c13f3f7	sahara_dream	235
3ac366eed8d84330b80fbf4586d97791	Ev4_MuiChenNo1	236
594ff7ba1a0f46dfb9d2ca23f976ad59	virginlover1	237
5cc6ef2a612246378ce7edc3b17e2f73	2019_88Gamer	238
c41945c3e0d744279d95a4ddbce9db88	Kbz-GgaheeMoN-3-	239
0b2629e1f59a42a8b3ca86b1eedd94ac	DoraKZ	240
aa7dc5b70a114107a4d5e4b902503ecf	WanGuTvT	241
3b7405d01ead44b1a16a8fbce6cb31b2	HG_WeiXiao	242
213532b0e3034a2d8ca5bafb07d6e4bd	Darling96	243
c990ae41467f4e4ca3160c22206fecf0	ReaPer_Lllin	244
526e788aabf4476890deead3c80f13c0	CrushOnLiu	245
4cb053cdf0e64dd993941ed75f0d30d0	BiGeGeoooo_	246
644cf074b4ca4a0c9d46de24070e5daf	powerishere	247
f0519fd5722040acb236ecbabfb43963	CarryLZ	248
f9b67866da64472d801f95d19e572ae0	adsliu66	249
e99b6ff8271a43dc82cbf94c12bd821f	ToTIDaGeQingDaWo	250
647be7b993b9492c8d8146ad571bccc6	Yellmi-	251
cdee7ea94308473c83055e803281c894	P1NK-FaFa	252
8f1e8165e4e74e86902d02e5b592fac1	chenwenjun918400	253
e89bb4e1ef84444bb4048381a813b45d	KsTv_355804543	254
3564d229cd2d46e3a1a3088bdf65cace	SaKe-98	255
93b3197f5da346069405da4d039b3950	China_No_1-Jing	256
40a8945544354eeb91c7a388dcf41c43	PuSsY_Boy1	257
08828658636b44f2858e27c8f0c3bbc9	SuperPi-AiiiiGOR	258
08b017c0855b4a5aa0904dc010d34c70	NB_Sei	259
96c2c4fa09ef4862b0e2d6b7cedb6135	Fade_Laobiao	260
f043e13712c24b8589d4f0c4d7aca7cf	Kingsley2Tiffany	261
eeebc940e16046fb88f7cc2e1c8a4070	HuYa-Ax16132623	262
f08aaec547004a5fa9bfd86d4e9b9da1	punisher1111	263
4823207589fd4eef81f3585d4f733970	jiaqi--xiaokeai	264
469f2e31582e4f90b77f77078a0b958e	Dreamss-Link	265
7539f31c887f4a859fd55171a98cb67d	17_shouxXXXXXXX	266
99f7b6d9fc35475293e7fd609f497ac2	DouYu_Avery	267
dc916361b4a9415b81c4b984b6f37653	TCTSI_CG	268
0cd98f2be9cb4e85843b43f3b8b5d707	YiRan-Aini-K	269
7ce7d3894ff24cf2b741ef28429ebe46	22A_SaoCang	270
ba720759e88a4008a67e2fc1b311b3cb	XinXinOvO_	271
2063c85f4afc48c79434b37cf5d24880	DouyuTV4324023	272
2d73dfda5d2b4d79a59f66f752b675f2	HuYa-TV_15654150	273
a7022ed36a2543289949c9d6d7c3f5dd	XIEZHENRONG	274
dd1772d8bfd04b44a1f8c01f5ecd5c7c	HuYaTV_10718781	275
419e2d31bb94475faeb9ed4fb93a7274	ManRedeHaohao	276
4f70347b4a4f446a99cb3905ce45cfdd	DouYuTV_5030650	277
9c4addbc805a41cf9d2bcb9b5c881ced	CONDAconda	278
e7d3fe01f6d4487eb4dcc8be9e109109	DYC_chen	279
c8d6158fd96e48c89eba532d4be99fd6	zai-zai-1997	280
f3b77c92402f4eeea395db95f23e50ba	vitlove	281
3c076070165c48589257ecbe467093e4	PUBG-SangYu	282
b43d1a89d4f145e9a030612b405ac0e8	LasonZz	283
a83384855c77478d9718e6c1e47ff70e	0401Jw	284
b290965c21c44e98a3a0075f09699ec9	Crazy_SuperDemon	285
b95de88c49b74d3c8e928939cf8c0697	HuyaTV_17973546	286
17958e6dd4c745bb8dddf4a628f02713	HuyaTV-16808713	287
ff0ca569ed2144f487caf6aa71c8b93e	weixin454948426	288
a526942c044c4104bba193cdffa2a8e1	Datvip100	289
0de3fc72d51845d193a74c63fa7444a3	chao_0v0	290
17180041fce7496a975916f1778a1362	1e99	291
e22ac875650f4f9da04e22d84940434c	ChlQvQ	292
5489d1176c904624949c677d51840cc7	Noblue_noname	293
fdae8ada623e4fa38abff285e93a18f2	xiterzinho	294
d3c5cf9d1a784b138a8d6d88052fa3f7	zclovezwb	295
e0cda01085cc451ab5f1cd25747ebdd6	dlp88	296
a6f172885562462eb146fe12be9f1444	LUOSHUYANGNOI	297
3661a7292de84f2c99e41cf423a9d606	HuyaTV_10847310	298
9a68c5253cb540e7a041611323c67b49	shhs77	299
93973a61bbdb4a0ebddfe52ce1d810b3	AngellBabyZzz	300
97a70d16f20f4c4e96ca597435b5367e	LmFAo_Sunshine	301
f079a721cf564bb580c91e858c1a74cf	DYtv4382500_Bear	302
0c3acc18b2a4429e9304bb864009b05c	Zt-Autism	303
66d51ebd602142669e05de0e75c22787	airrunkle	304
594ac154124f4cbfbf171ebe6c6e027a	PDZ861	305
2851b2648ad947beb97fffa392b75ef3	Dragon-Zeus	306
911b2c784da143a9bc18ca4a9d4a10c8	18D_Aladdin	307
1be7651d43514a39a1079c6aaa3927bf	ALLsTar_Red	308
4f6c43249ae34b36a3510bfdb3906e30	Vampire_Quella	309
a48226d760b043758ffcdccd1d36c329	NNP9527	310
935b74842c6246f694ca00831a6b3c61	DevilMloveYou	311
7173194c42c7496b9effd372b27f40ab	prettydbrud	312
a2c712a24ced48cdbe5f59371041d8d5	Mong6	313
e29cb13e36d34dac9e84b85870cab9d3	JORGEOK	314
a9ebdeb84b1d45bc8f8672c3961fd559	Mi-Coisini	315
c9de9ab5f9d248a1ad33906f043020d7	HuYa-18176533	316
48a9c9fe9ed7440b96845e91998f7c9c	DouYuTv_5631012	317
e2832605a71149528649aece7a50fbbd	LONGWEI_18	318
98ab9c593f9a4ee7a5423c720c11ae8e	iutt-	319
0103c255a8724f4e9b9fc5fadf17c724	Meiqiuwang	320
b58aea91a94a45ef9eed784aef233066	jiaowoayi	321
f6ab71ebcc234d208553b9cccd3070fa	DS_Destiny	322
8e614505357345e18d988dab9771cbe4	Allure-Lu	323
b502907bdfe24073b58e4805c9acaf38	Nop_Cccccccccccc	324
2c38b4c51a2c4b3a8c027f2f3b95bbfc	XxiAO_huiXionG	325
9170e05c56c649b1b0ff7f786658ab01	AOS-BenZ	326
9c913c51a85d4c9799186853e879035f	Espr3ss0_	327
09f3b8a1d08a419f84daafe2f5eccee7	Big-Assss	328
a82e751b23a248d59cd6666e6510d565	DouYuTV-5865262	329
ca580db09b84425e8a69384c124171ac	Hi____Roa-____	330
fe6ee0ff8c98467f9bc6e763a98d8345	Antoine4	331
723adc995c0141f2b4daef94eabb2259	Ys-InMyHeart	332
760c21f08bb246e19a8e1830e8ca7459	DouYuTV_5704113	333
96c0a5e7f1a14de0925d9ddd1ae1f814	Xu_JDduo	334
5f7e65a1766049e586adbd8f1e45f387	Yy111_LanNiu	335
3cf03ab29bb141b0a41c5d224bea5ffa	GTK_Seacy	336
b6576f47449e4591995fda4763f0837e	Yy111_ys	337
fd48fbd9977b400290deb728806074d4	sweetloka	338
205985d1d7ca40859dd8a7dd7af4870d	Heanniubi	339
a2c87fb2f5ef437b9042bfc966bb7ec5	DouYuTv_55642OO	340
3f4d7da2fa7c4c2190cfa720efcb5dc7	huyaTV-17677020	341
0152ee91eb3f461ca01e9074778848d5	zhonghaolin	342
851e7f4585394928b03beecaff4865d9	Ouermaite_	343
d332352dea934f5dbd398999a8743acc	Monk_007	344
8b227fbd062c44a6abf842872142e6fb	Ev4_LongWang	345
8839858edcfa45e190bb326f3feb0875	zzxx000xxzz	346
7104273b3e774981a67b96717e0dfe4c	Ace_SuiNian	347
8496be5d95434da2a9193cfa65a9839a	Slha_77	348
a56e4691953045a88329436d5ff2ca74	muyu_95	349
78ad82dee1ea4e418d321383e62e2762	yY-rema	350
602b302fc63f406ca9d65d78cca67e44	hvq111	351
2d646c212bdd41168e7e54acc9f6f885	SiSISiSISiSISiS1	352
8fe34c97a0664079b64a0f52464330aa	CaiYuYang520	353
257cb2e7e6da443cbb6bf1a7ec4602aa	zhanghuiwen	354
16e4aa3b41ec42b1b6dcd5306174c8a7	ArthurLok	355
390b5661bc664ca3b16036e6a57c8795	yigewudidecunzai	356
3136a612b5504adda6312350bdcb5172	Ai-WanYan	357
91a4adc07b194a78ac77d5725bfc57a7	xiaozhupeiqiQVQ	358
bf0f62a9d7854796a6c97ae232677115	NB_yimeng	359
f37979b1bd1647228f1d037e5e43358f	Maolin993	360
5deaa6adbd634666bed4653c24749c1a	Yan9y	361
a3615ed095794dd3ac1ee76d51bd297c	chenyuxing520	362
6fcd91e0ef744afd9b9497430a3a377e	Hx-l7SuperOldGun	363
91b82d3ba6af4883a98edd4d261d3c19	ccgd_longong	364
dbea8ef19aed4414af7848a90617747f	qingmiaojieao	365
cabee80b136b430c81727e2687376b6f	Gx_XiaoJian_4Me	366
f79c1edb20724f9c856b20529c33d037	Venom_Jun	367
079ccce037dc4bca89fd35511eda635a	linyongyechiji	368
7cd4f36ca38c4309abdd61b8b5c63458	FCG_Voodoo	369
503112f943f24723ab0aef3eea560aac	FuQing-66	370
2d88321a0e30408784e9c72c8490fed7	11_Eors_X_zZ	371
9a2494fc8d044b90b9b86daff7d62bd1	DouYuTV-6295193	372
8a84f4bc1f4645e783ba76c7cbc751f8	Mr-K9999	373
39ff18c7b6b44abda1f9db7d819891fe	16-73050582_	374
0002e78a5bf04720b1f0f4846a47316f	Club_Middle_14	375
c2cf8c2bc797468586680a7ebc980b8b	SGCNM	376
f7eafbc879ee43759632eff21576fbc0	Ns_Weishen	377
39e7fa76538a430b9a1dc4a762b9ca74	Jviv	378
dec66c0e021949698497a21dbfb1f2fd	hazzzmd	379
a40b1c88f46e41fd961c8e6c04509b4c	kk0oooo	380
2aa762551f604a628ceb9502abd13884	Venom_Liu	381
e19563dde24d4fb69ff0b31eadc39081	PPDSB	382
a641e49001e14da6800aed1f89f5251d	VASTOLORD_	383
f67bb29c8dd246a4aa5db37f7a55070c	Yohsl	384
7abbefa4db8b4e89b99e4c4515e2f846	nickzhulihua	385
8f4b8f74101141c793cc279a839ef5ad	1da2y_JunPyo	386
b64dcf68b9154c33bad4aa7fa4f90d0e	SAY_salanheo	387
3e0678cfd0994936ab61d1ed10662471	GS_Leader	388
c86739f5610541dba5b7fcc13d80e391	X1ngdongQaQ	389
0d12d01ca9904d1fb3a003f915e19c99	HoT_ALex	390
77b49be4324e4e8689d45c0babc6f66f	shepijun	391
8017b60f4db6445fb63b695061176952	Nice_-Player	392
a806229ed23442ae9faf1ad9015b2e86	WUSTBLUK	393
0a1f3dae8eda4eefa373a2c49b9b811b	Angels_0f_Death	394
770410740b214fb893f246d3fffb5104	Tow_cospses	395
c0dfd686f52849858f86a7505540e1a3	Xzzz-98	396
10a4453f4df34deeac3400cff603dd4f	qwewrt1	397
9e9980710a7c4d3ca96cd00b2c8c2ff3	DouYuTv-4527014	398
c74fef9aea2749c685f2790b2c8d8665	DFH_AMG	399
b2a647b91baf4da4b6870b4d4c501cd8	FOREVER_Neo	400
3d073ceed3f844f6800b66e207b14eec	le2ej	401
4d83b97865ab40b7b58a1dff3672a3ed	ChinaV_KanCaiRen	402
3cc56258e0974f999eb59be7ff7e195f	TONGTX	403
973c0d6b7bcf48c58d892c00547c186d	Dear_Dx	404
0d8c38f5e43c435da069a4b8c15dd05a	DouYuTV_6552855	405
6e9ceb06688c4085b7bcf252fad813f5	Gent1e_NB211zzZ	406
e28eed31803d41afa631b7e0d92722f4	iDog-	407
57de8b25e3bf468cbe9abe8159f7ec7b	ToTIDaGeKuaiDaWo	408
573f7691457f46959ab5d730efbe841b	binluguo	409
f74f4952ccc3409eb79f9832c639bc27	Dangerously-x	410
2e53061cffe142ddbd5abc0d1922fc2d	abaa666	411
2d604819b9ae489eb0dec8f1be98082d	HaYa-Xiaolang	412
8f9500e15e9c4daaa1d87a622d9c9593	wangqingi	413
20ea233bb1224c9184c041ac2e9abf87	Guaiyou233-_-	414
5321eedcef554056917eb6a30e0084da	insbb	415
e7038a64119a49b38e1f2b7831e32e6e	BiXin-75092827	416
7254815959f04934902dc909b43d243e	huya-15760676	417
22c1ab085b574a00988facad14b1e1fb	FightSong-	418
208c0c2676c64a0c814459f845729e1f	AnyuBaby_	419
21cbb93b641242159b3c357f57c2e195	BX_JiaHao	420
e39c2637e10745208e1b6435dd208a8d	Wz-Lq	421
bde3c524f45f4607a8e923f73f813a1d	LbSix_God	422
e1a7bf45c987452a9573806627a0e4b6	kimboha	423
38115105b935404d9af5cbe9594f6b49	qhddazhige	424
d85691366ecd4e1fa66ac9293b5bd15b	ks-tv-shuyang	425
46184742fced47639cfe00df1fd29eee	abenr6	426
476cfdf480c04d10acc4296d26a26b75	AG522	427
78d3a8881d2344bd855358b697c860e4	XK_zuogehaor	428
e6ab11010f534e75896d9f4bcf4b114b	YanAn_Acc	429
215d99e9d3df46e28539632ff836cf2d	BiXin-49304944	430
aea0b559ab2b44069bc4aa7a3f15afcc	tang1110	431
9837e0f07af24675a9b471610a8ce854	Korea-YongyonG	432
bc2f8e8ad5364d93b2726a90b49c6cac	Xlaoman_	433
bba4c6ee48a24b0ebfb1ef9b15e4e9fd	KanuTaH_m416	434
0f22a85094ca4e76ab4074fe57b24310	17_AbnWei	435
8c571750a4904c09ac0b7b359070f1c1	KSTV-yezicj666	436
5b4d69cb23c9416f84a916033863d951	huya-17530458	437
aa458e18a0814df0a5404e62f407205b	Huya-10243429xin	438
fd2c4dd600424eed9cb2ace655a1135b	DouyuTV-3509530	439
8123957aa6db4e09a14e6e6964efc200	miko94_	440
29722fb80bfd4b59b44ed09ff0e5280e	Memory-M249	441
fd272e1b3a8c4cdb80a6ec141b371290	DouYuTv-685936	442
97a278d7d16c41229e3e365a723f84cb	Qizheng-W	443
7febd61c32e0491b84acb58e857b8355	Acexh	444
6a4c2d393caf42b1908ffa9d7872d5a7	Lucky_Tiang	445
315804a34da7406aab421be0285715b6	Luo96_	446
be19a23030ce4ace8ac98f65bc7954f5	Cross_SexyMan	447
c037151e33914ad19b452b0590161c36	miqi_47	448
5736055f0149428cb0bb7a62f350fb49	YaLinZzz	449
c0f5c750d9e84218bf4baa71028ee884	HuyaTV_17261119	450
dec14d24b9e749f9abdea4b8988f38f4	Huya___13238962	451
8373768ee09d40d089e3d72bef60884f	Dangersn	452
f6d72e5afbb74e69a303fe863b472ee8	hao0bao	453
96bf9a531c82400a9a7a782cc1a69d25	DaBaoSodmi22	454
f72517764e9a49368af3d75dbf92113f	Dayu98K	455
8e00fa82a68f4e5db302ed7cba108878	XiaoJieJie520__	456
4098abd72f874b2d881ef7c171958196	Wild_XiaoQingGe	457
cb8586777a934a45a2682a65f1220eef	KEAIMMP	458
c4010682449b48de9a088423603f73ac	molovezw	459
8513d36d086444369146668c12eb313b	Douyu_6258337_Y2	460
bf74e8a09cde4fe0aa58755180dfbe2d	Huya-TV16031194	461
4865edefa4d14dd39ad312f1fa19daac	Buried502	462
a4caa4c3c46246c3850ec921835d9fcf	QAQyg	463
6fbeb31416b24955b6ba7f4783e0ac52	HuYaTV-16147370	464
991f5c2bc6aa439e8460dc49a282817c	Pro_Lav	465
6b6a05deb51a4a9990d01a3bd8fbe6e5	Allen0810	466
3dfee90d15144dad9f444847f57702ae	XssAiQM	467
f4a14259adee4f208857538a4828faca	SexKingChen	468
ce769777c2c94c6391ddbb03e77b7bca	JYJScsCN	469
008d7b74fad04bd183b0b61ad82329eb	PandaTv-2050791	470
dbfa3170a2a644308a1ec1b8d9ad9b4b	Dad_YS	471
ab1822ec67464a8db24f0b59d89822d4	556Bullets_4Mx	472
ea5e963642b14f2a8226d16e498b5996	xiaofei309112666	473
28c009b391574b37b1586c7d62941810	TKL_ChenXS-2tp	474
39e277e607744c40914d04c644707b0a	HUYA_17506981	475
a092c9cc7f7c42afa2d8d6465dced28b	Alvin_Fairy	476
a598486318ef4b7ba7357a3d73b4455f	Devil_Man_Xc	477
b9ee883513cf4b9aae1226c84fc6c7a6	Mr-LonelyKeLe	478
16ff8089541e4d1fa242df5959323a97	Mr-LonelyBoBo	479
bb1f7b8db67d4968b130c5d835b2a7e0	YY-66233363	480
3a40b80aee1c4cb08fac905283245317	MaouRabb	481
d2c5a95ded2a4131869dc7efba30ccbc	Gto-MG	482
6d099eae8a984b34977e51d115251332	Fade_ada	483
aebc57574e524b0c92f414dbea052e40	NB_LaoWanTong	484
9b97ac7ffa814abb89739206295d71d5	Aadong9	485
83617d1cf57540a6ad4f5987aa55146d	HuajiaoBaby-	486
1f5b5c2c750849af816aa5d6106221ef	BiXin_Ls49741134	487
42d8cfc946574a4a97e35ccaa5094db8	DouyuTV448044	488
11f0362bee6d415ba979423aab8f31e2	HuYaTV_16438593	489
cc96697310aa44c1994012657cfac19a	Strongest_XH	490
fccedaf5d8c2408eba4e8296bfd048c4	Ingushiano	491
35f5eb2df67d46b0b5946cdf5b3e2f8e	Tao-cctv9	492
f9573d01e7d24c04ad0c67cc6555fccc	TaiLiHaiGuaiWo_	493
85e5384d21ab464f9df5232cea231a17	HuYa_10539777	494
e71854a5282f4fd09d1dd4201d51a2dd	2019Xx_	495
69f3951ec01348918bc52c2e5a4cba98	XMY189	496
c5e6acbe1a1440fda1ae555afdc1221d	cat-x	497
d2e7736612c243a8a61d8eaee78a0ce3	K-ON_HipHopMan	498
2faffde723bd4544807a23b6426abd6b	O818	499
63c10ba4d2dc44eba1bf5445b0a445bc	HuYa_14972045	500
0304c3e06d3a4cbd92bac14a4955f6f0	klli-	601
e51b7bc5f55a4d5793c643abf03ebfd0	guoshuai99	602
9c5e59e48f11476aa0c34f63568f0567	HPN_ChickenKing	603
5b9b6d2d8d984aa7a57c5102e621d886	HyoDi_	604
36ab16bf2fab438182ba367c44aa911a	DejjeuHemtori	605
cad58dc3d1944edc809697cf064571fc	I209	606
e946e2f4dea14c258170c3e5f633ea9c	xiubuxiu668	607
58ae4ad0a5ef4d58b30f4fffd63840bc	w2071	608
fb225b4deb594cf997996236dacbb15c	77_SeHuiDaGecool	609
2707e0ed48904371a5ae09d758f0edfc	SuperMan_WuHao	610
f8519aab6fd14bad92ce64b20a7e13d7	SeoHaRo	611
54d03d0628ba418cba7e771131b2dae6	9s_Seven	612
f14383280f494ca6ac991f3175c1ca20	Race-MangFu	613
a48c9311a6ba481aaab7aac2d5a71336	Coloured-pig	614
fa2b470217f343ebab053ad370b87afd	nowhy1314	615
a1c3842026d546d796ce6184cb921130	KLy_ENCOUNTER	616
0d4a404b6152478fbe8bd5d4db4f8c2a	feitianhaowan	617
99e49a2e04634454bb2cecebbdeda8b2	DouYuTV-547892	618
31da41de013b430c83567a8dcf418ae2	KK-Yyl_	619
ddf53ec2bc3a4946be18d061962aa714	huyatv-awei0	620
abeada39b1a246f98e888faf8a46ef74	goldmountain-	621
da2ca305a516465ab96a75e1cbfb0abc	Mustangs__XS	622
d1f4d4341a954f3faa4c5774320f897f	Gu_jian	623
734b98f57d124496bbdd9a01d504dd86	xuxiequnchun	624
c97328e0b5d44586b52faa56f8def09c	Aaxiaocaiji	625
b043c1e2f2f74644b9368fb99f0f5b57	n1NeFingerS	626
77f0f59db24c424baca3a7cf33054738	Salekh_Shishani	627
a2cda80509a940a2bf8dffcdb2b87032	1st_AnnaiJin	628
7ce3e0d358d446f982c0ffef9507b8da	Kosheno	629
a9bcaddff7854f819d4697166f9704e6	BiaoBiaoBiaoBiao	630
387ed955d09c41ae8dbdf456bdce95a7	J_yang_	631
f6f33eae3eed407583e3c36cd8952f9c	DouYuTv_6454103	632
11b51d3cb7934772991852f140ca7607	Cc-Rnmmp	633
38c8e8e704854f0895843f21ce95209e	Ni-GuoLaiYa00	634
b2a05154321545e0897ab72a679849e9	ALOHA_PANNING	635
47e341a9f2a64b91a45ebd51774d59c6	FightingFox	636
65033e83725a47b8a5b835ea5888651b	dldmswo	637
b3f1fa0265184a8284816d98a938a26b	77nno	638
82086c814e7c447b8bab6aea6b64e4f5	Ev4_SSS_Bie	639
a41dfd7523a54a80a52ec4dd36999a7c	DouYuTV_5445152	640
7b65edf624244f36a3b18e3cc1607519	DouTv_110	641
acdef9307fa342e2827924e77461f74e	TakeAction_X	642
982794b974e7486db748ad8d575e6b92	Verycold---	643
5207e7a9a9aa4599b9c19c997c6549f9	zhuanzhilaoyin1	644
47de3b3b3d4a4fa99e297b7aa04c5098	kaiaiyan	645
639340725ac34e6386535b411da5900a	Ferventheart	646
398b7b962bc04e1fae65f08247ab477c	DouYuTV-878123	647
d8c535437b7e4f0082700f70a3bd88c4	GF_QiQiBaBy	648
eab76256ba3041389963c0b14a3df82b	Ace_iAze	649
09323ac0048b4a948bb2b6e4f825884e	DouYuTV_6556062	650
1b4ebefe23ca4bdbbfb9e4c4994d07d0	FengChui-PPliang	651
32318e889fdd43c1be6c43492a762bcb	Gemini8314	652
f6094f78802e437cb2ddd6a9220f4aaf	adnbauz	653
06c6e739417e42879b757da8e127edf7	chijidui5	654
1c49b87ccfe9406ca259494c6e5d9159	LYB-BBBBBBBBBBBB	655
efbdb5dcbf474ab09d2029ed4b1c4d09	ZhAanG-	656
5e7f411215fd480dbd0e4ae3183aacbc	TruE-LovEj	657
677fbb105d1f47c086b9aa59414443e4	huya_tv_16614547	658
54e9fed55e9942758ecaf6aed06d58a5	Mishi7-	659
c13fce3792784167a9b23a0d1cad319d	Y-jing_	660
05132d72365d49a99bb7d62dab682a73	Wan_YeMa	661
b6938fb54e6549cb9418c01dc403298c	Y_tonia	662
3e16e8178ca149aa9f0f53ba50f0178c	iNv_Moonbb	663
067c9966f2244da49e54d3d2088b7ea6	7Kee_	664
e872439c55a9489586241934c15eda3a	ShadowLoverTnT	665
a84fb7eba8384c9b8212689da8c7e01d	Bixin-54034453	666
eaab3da59bb84f05b3add8c497faf639	DouYuTV_3457503	667
8535913ddb4b4216885049cebf19677c	ainimamabb	668
d01821ab1d434cafaa176691e58c04b8	lp__link	669
a48a20a3cc2646aebce17dac75d74a6a	ZGR_XiaoLai	670
066456aff80b4302a5f8beb18197cd3a	1da2y_SuB	671
635ff9da7fae44479bf6cca207f10d12	MUNYONGIL	672
9a7bd7eb6d514b0db168c0d7f9a50933	ZHZ866	673
e5967f6b55024fa9847bd72f4ea77a7b	Breakuzi	674
03720553eac7428f86309a7677a85652	Mysteriaous	675
9aaf1058a6004434a291527b04863be2	Chine_WJS	676
bb8ac609e8a7486080c2561a61706228	naodaitaida	677
40698386f1cd42f8b9bcdb033153a50e	xiner-3344	678
cba35b3b9b7f4f829bc0a8b22890ccdf	Winner_Ar	679
b3d6f5c8b3564ed8b469090b38872aa0	Schuck_M24	680
58583a8ecf24447ba9aefaf388fd3900	LrLlOoO	681
de7ffdf42ca145baaa3bf472610e129b	GottaHaveYouBabe	682
ce3b2e4dcac84cf8aadf391a95376d66	Kar98k-None	683
6beeb77095834216812d9b2f184fcd8c	JustBe_Patient	684
5a0a7135c66b4925a2b70cc3affb9203	MM-Jinger	685
0b172dbce1a240129c9e7420fc34dcfb	CCTV-7850513	686
0ddaa761b16a43e7991c5115a0a8ff61	wuTUL	687
41b8f84dc8af455e89256f3c78e396a6	OG-Dongi	688
c900d83f34cc45f0b051bd0a25c6851b	huya-15708141	689
b3f35fbc8bbf409591531437916a7abe	XDTeam_Whisker	690
ac8a75713f54473fb1381ea6a7fdc1d2	Aisilently	691
f54024bfcab045b6958956a8e321c843	K98_xiaoqi	692
6f02a1bf35ba498aa1ba1adb19025809	iMengTu_Xyu	693
ae2e83ae0d6a4957b982e8f8cdb2be70	LPL---TLYH	694
e3349e858cd04a7aabb7d58316f2bf66	G2Shadow	695
ad326662147547a8a0a2bc2291bdb954	huya-xiang123	696
0ff09429b4254a708f4fda380e07d3db	PERFECT_MingL	697
e8c9b2c8cea34b689c696d0025ba525c	kazhule404	698
3f86053adf784276b3860cf176d735ae	Ktea_	699
c87ebeb2021d477d9a89ba7098e6897b	awm_456789-wuji	700
feb8973643e44d33829702e0458a1719	CCwenmanglala	701
8eaf14654c384a0385c26597db9a00b3	DouYuTV_22656	702
4cbc9f3b8d6b4cf8a475f3c09530859f	feifei-ovo	703
89d11e21ebac47409aa171e988eafd7d	zainaibai--dn	704
46186250ed3649aeb07ca1397842d94b	HuyaTV-16598811A	705
42d1005db84445eea39027178371da49	Supreme_Leee	706
431b4118c60b46ddac42e4664e409d00	Jay-_-Chou	707
70fa92c088ff4a74b8fa9b5b5a6365b1	shengruxiahua97	708
209ee77596c14a348dbae04649c3ccd6	meikeinining	709
e078c2c16b8b4dbca6155fb76d71e424	HuYa_17201711	710
a0bef2898f3e48638f29d0fe04bf37c7	Team-CYGG	711
b07098aa1b6d481ab46b7ef8164ae20d	EnjoyChilly	712
ed5e4542bb404479b96191ea2baa1e8b	CancerJune27th	713
8dbfcf379531483f805231a5a790b933	ToKy-HoT-1BD	714
f824ce8f543d4ae0bae66653dd39d6bf	XiaoZhizzZ1	715
c463a21b1b9b4ebf97e8622ff03c8315	NikLaus_Msj_	716
c314ae230475445fa9d05a6927088a44	Alone_no_story	717
b7dd004cf8a9438abaee80f167eb8a94	My_NIni	718
d6fae7bbc62940abb7b05c34c7ac34db	SKS--1986	719
198aea31d1794df183717af4e7680455	Ccc_oRz	720
f2cef9d5b43e4e3da2974304f1d5b69b	DouyinTV_74110	721
f945156259c547ca878b352d949cf531	97_XiangNi	722
98abeb7da8684abc9fc094d792b17230	Rotating_jump	723
b778e7a087244a23aa8a1b243cf58a5c	douyuTV2458606	724
bdc1e07418004ffaa94a0fe045313438	lafengM416-666	725
923fbd7bb31149f293730a9871d23def	Douyu1042295-YYK	726
a0dcd2fb9cc6487281ec64f8240accbc	CtRl__F4	727
96f72a090ab94f7db5dce2bd76c0f0ff	PHkUrimaw69	728
570dae4ffd80414db8cdada07432867b	QieTV_4933046	729
041fa64194df4219a1e4505f6c21f368	untitle1	730
ae490b21875e45fe88b5fbd32fc9bc61	Myx6666666	731
209ac974052e4733a5d0e0871733eb39	HY-ALING	732
cb2c058170f04ede9dfcffc9ee32777e	ZeroGongDie	733
117e8777b6724e18b290c7d0571f10d6	t0NyCs	734
118a0eb94ad54d38b682cd695cf65ef5	CCTV--------R	735
e5999544fa684e8f899c97ab9b7d9e92	Weirduncle_OvO	736
d3aafe9f102d4016abcf86752f5c4868	Cursed_wzl97	737
2a12fdc5afda4006ad57be7ce6d8008d	violent-z	738
b422673ba14c42e1bc8c4c12101c18fa	zTeRoox	739
158c6157dc4e440992c25e9d3b5910ec	DouYuTV_1428093	740
c1500fcffd30459d8e3989a670c98f6c	WCG-Jiugege	741
2f073efc50644cdaa2a87b73a35067ff	Vioto6	742
6c02bd2e6a1245fd8f4a2b719afedab5	1627_-	743
c12aa486709a40c18114ca47d848a0ce	Robbery-wang	744
25dc6e7fa4a64c888ab79e95e22482de	GsD-aOyang	745
38ef986dfef04eed8f0b0dd2ebf95fc9	FB__Acool	746
f9e360228e18415a8f10d3277331a30f	jiajun_2008	747
707b430a2a574619bcca0a4c12921a8c	Ahfusix	748
d0e2fcd61dc54756be199b0fddaeafd4	Stan-Time	749
2195789b821d4485971bd4f930cfc39c	Rain_rainzero	750
b7e6a78ae76f4847affc6dc3c3566284	MeiShaoNan_NO1	751
08f3806d274e48c79e22fa2f50175c3f	JustAboutEnough	752
f3b2a05fdd0c4d9c885620274a1404b4	C9_JiaoChuanZzzz	753
d66e4335e1ea4e55ad224f2b265b7ec1	PeterPan-3-	754
681e5d575c03411a9daf6a143c20bd52	KS_heizong	755
5843adec80bf4670a84706b94d9e0431	tukot	756
149ad3d275f848d98ee2b8ccec7f8eb3	HuYaTV_15196397	757
6aa0c32b53654aaaad67173c2ff865ed	XIAOMILI1997	758
792668786fe9428d8835ac7130668d34	DouYuTV-6072612	759
086ee912ebd34b928f8172323f83be78	WhiteGive_001	760
e6b1540ec4e344a49655d55d13ce72a7	Yy809923_Marsy	761
c448c24327634122b0a486e60c0b4e21	13526355858	762
fd6074b31ef64bcb910da38c8c4f57b3	HGOcO	763
a76e41fc781a4ef3a61a1fc87b8c78cf	Belial__G	764
f4d4a4d9c1494817a361a7cf0f983f73	ztdhd	765
32c06a9f9ba04bb883f1f29ed55e2b06	1213419015	766
42fbfe4b158c4f568e7c7d493d56512f	ChiJiKanGrR_	767
d1c65fa76ad2497190394bda12b505da	YunSeok_--	768
3fad710ae5e74c3facec84a8d4c21167	wzh718975662	769
0a90141e42df4b38a38f0f36583a5b48	FT_LaoHeGeg74531	770
d70f5148bb854be285129f030818776e	4Zom_Feng	771
d35971568a9c41ada014646c92611104	Eva_Douer	772
f7373bcfbbc941b6ab45a67451b7934c	stnuuerqvq	773
805966932b04407db1912f4318c43856	Insominia007	774
663ab80ca2664d9b81412343ead106ab	B-120	775
f1d30d4184d344ecac7e9cdb9db813ec	secondboy119	776
9813c69718214c54bc40fd793570ead0	Promise-xb	777
698cd7eceeb64e3d925bab8821c9e708	Aqiu_OvO	778
3a1b8c9fb11a42cab3c8613ee803ac70	DouYuTv_5615681	779
55836019022b45a7b3a3f1c2c7dcbf5e	AfreecaTV_2no	780
07283047277d42b29b6d32cdf24a138e	Killer_GodBu	781
cfb43be04801474795f47602ba3c403a	Tyrant_sooya	782
91779ade7bbd45b6841d284b07a7e405	L-SoftHeart	783
3d72d6d10c9b42fda0fa90b5ac6f3caa	Dlts-SocialMan	784
0769f378aa5e40e99db1b87d39e81ea9	Yy35579-Tian	785
e6a972c038ac4f44bceff98e1440baa0	LIZHI2580	786
e077a09258e5445f9e75e537f9df59f6	f0resewow	787
dc1cf3172909480d861a8ba2624d9ff8	DGM_Orz------4y	788
2d3517f65cc445bcaf02b41c9b8ddb8c	OtecTPP	789
49eb623f3be94557bb7f812c18db951b	haoziOvO	790
3493b1145c5947ee96c8405aaac7609b	KeZyLa	791
d0ce341ea74b458c9ef853fc06c90e1e	4AMJJzhou	792
8c67768ed78f440c960f51b5dbdf6ded	HD-QiangZiBaBa	793
a82423fc5d50455c8f32cc6657305bc2	SY_TYxiaomage	794
711472fbb00848149c0273f23de73623	tubingwang	795
c7c7f2bcaca34be78a34b26d87e58f8c	Zeicol-AYU	796
e7b87a01979648108a8f4cd63e323dfc	AFTV_HanGiri	797
2d0143a71e2c4139981f951e2899aac0	CaptainJackCry	798
a4b79c9529df46af8dcdbd9a55870aa2	PanDaTV_LSJ1	799
f91930c03ebf41438a103e5c1768e6e4	wo4xiao9liang-	800
bfa43a15786847c69e9c3452dc752ed1	M416-Say	801
28b527134623488e87243c94350eeba3	AA-LIUYANG	802
3565d3b198a4417987e98ecceaecc81d	ZhanQiTV-YJ66	803
a20151a251e64f8ebe305eb1901739ad	1x2080TI	804
dd79c149ce9849bcb6216e1f1a2b5aad	LHP520349	805
63805ab1e98549f1b98de802c0ba781c	DouYuTV-739226	806
e288c14d31b54ab381ac449a5ca3cb96	BiXin_LS51111885	807
0bb895b7779744ca8973964688e5c4da	Supreme_jake	808
b1998124fab94a03b520d340cfc4baf9	HaoqiAo-	809
39c995c5a5a24675b7bd7a0702ce3ac9	HuYaTV_17233814	810
86e045feb55a429d9392866c1a67a552	GrimReaper_Eagle	811
350d7d4eb3934adaad1066e4a1d3edd2	Awei0V0	812
e913c628a0d34df2abf3353ca2712fdf	sohyung332	813
3080596531374036b0b2f58794151927	Banlet_Y	814
727ceeb0bed64a318c1fc93fc1a4426a	KSTV_heihu	815
e18c7e29b86245699bf114df67efd0e3	So7so7	816
3d0b88995efd48589461f386235835cb	Janey_MM	817
889ef200b837429ab724b96340b08961	OId-Maooooooooo	818
49f7217062924451a04a3701dfe82287	G-z-Er-Guo-Tou	819
f26243db47274dd191463ab8111e2e54	Butcher_VeraJ	820
af98f53dff2a48f89c07d73579ca5f30	Cocker_MinZhi	821
3c7c5052f1f543ca92ab21013f0d17c4	KIAORA879	822
2871cdf76eb2406f863403c59d39a6f3	iohh_	823
ac555e585d2d462f802c5105872432cf	TheCrazyGiry	824
4c85d595cb3547e19e225df1d333c1c0	idbbq	825
209d15a4a8e94d72b078b6b540033bbf	AfreecaTV_JJU	826
424ff847dc3b4269a2778d3c83821329	Supreme_Heng	827
d2f2da3f902e42ccbe2d3723adad9a35	Tan_YourFather	828
b937fbc4677b4742bafc7cbfae923211	ziningbusiyin1-	829
1ce06522ca574fb78167cf929dcd9862	Soymilk1001	830
f4bb5fb9a0b14e1a950289e7de3ea14e	xss998	831
8c60383268a940678f55fa964a7f414e	B1ackBerry-	832
4d1a00ad334949c09b12722bfc09a25c	NGU-7C	833
3c1e3b11fc6141bfadb4a2227edce0a2	O917	834
9fe159ccccc24080934aa791486fdd21	sunshine_zhang	835
c2c7ef42617c488f8fa765e3f1f8238f	YourMoon_	836
e06dacd0932f4a0db899728fd03b90aa	LOGANLL	837
0841d440c25341beba78966dc3e434d5	Targ2ryen	838
b2881aeb99c04e01b4d3893ed7d20f26	Aimanzxr	839
b175dfaf2213491fb1fff7a5b9177750	ksg-Weirdo1	840
ba2f9b6f0a2e4153bf6c410f83d4a867	ritatari	841
5bf2179c1af243d9ace3448f0b4915db	SY_300MbaoTOU	842
408faa91a5aa4a649b597296d54bac0e	conquerlYJ	843
234db56ca7184865bed8801f9d438f16	Xjpig	844
7cfd9333ba864eaf8a2186af3faa74cb	Edisonc911	845
c17a7f2d577f47e99255cb35d8ca2de0	YourfatherOvO-	846
9f10211889f04657aaf716e989b1d581	uiox-	847
6f1bc90fc3e64a71a768d825f32a8357	Aoy1k	848
77ba015e0ea141af8bfdc3dd5741ea3e	Hei-tutu	849
f0fe03f8e00f4814a06cafa2499eec95	InVnciBIe316-QQ	850
98682afda014497eb6a3d076eca87588	douyudaya	851
8babaac86641480884efd127970df6ac	DogtwoQAQ	852
7eb613657e0d4475bc1f6cb8035eaef0	Sha-LinBingXian	853
70ea54275a934c879a1f9c96bfc6bed0	GSX13000	854
6c60592167154975acc7886758319ad8	Cccccccccccc_Tv	855
1948b37802b7414482e8dc481a2f358a	PUGB_XiaoLong	856
2e2e66afe6254d43bd846d92a7ae6d5d	Azrael_18cm	857
a9aa1c9748834d27a375410dfdba5dcb	AKMagigi	858
413bd7a6808b442a8d885c5527da5805	MrAKo-S	859
43deca4fb5ce4c4795c32b37b147b74b	AIIen5	860
ed833e10d0a545539d178224a018698a	Korbane	861
c10c606d7c10499d9d81bba721d2f602	77-crazy	862
f9d04c66f034468384e38aa5c1d93e7c	JuGen_henshuai	863
dc89c45641ce407c8dbaf451ce0b6c71	Missingth3Beauty	864
2cabb5aabf65462c8e7f09c4dfbf4ef4	FuxkBitch_	865
65ef3b79a1a5441c88c56e2836d35584	PandaTV_1821243	866
cb4d4fe4b57b4758911f2a68d788addd	DGM_ZZGan	867
d804f6cc866449909ec7719e3ba76742	Kaman_VN	868
bae44863f1d44d3d97dfe3813f1973bc	Sasuke---Black	869
0ecf6594436d4de784cb32131b4716a9	Snowdry	870
af09152a91a54ad6aaa9fc3e31d49e14	OMAHAWK-Ralf	871
8364c5523c544632a1fd72f9c6b03898	Crusader2134	872
e5ab36cd1b0e477285cf821564a8bc47	FameAtelier	873
5834b36d41c24d99bea5d3aa7e362a1c	Pontos_dv	874
56e4fa14b43f49de81790ae76abd2427	2591o	875
8a7b5bdc54e84fa39d38803b4503f82a	NixihuanHuabiMa	876
1e12c1c7131c4d70b1983b2d13151466	DouyuTV_5615593	877
3a5bcd0b6bbb41cbb05b84e11e1c0f1d	1Abeautiful	878
4439195ae369401e9ad678a4ff211540	DouYuTV-5813132	879
68551683b10e4066bb3ddd02756e052d	HeroTao	880
602ef02ea45a4c8ca99eaf56a3902f8c	Admin_Chunxi	881
33249158d8dc48cba7377c23419c47bc	Jamiesy	882
f632043bb40645d3b4b6bd7303252cd6	MuT-Mr	883
a9b2a794756d4013be01bef5a819a638	01074799502	884
28fae1c4b2ee463d83f1c4ca0fae3a4e	KoYuuuu	885
5e86ccf85be74ab3b73b0360004b36ab	III-FuTUrE	886
d94228086a7d4339b84514c92a280af1	huya_15677639	887
bf80fcb023db4ba98eb70e36277a8b25	Liuaiyue	888
ac7d8bfb73ce41619a8794167bc3baf3	zoujie201314	889
28d3f14bd81c486482c6f5c692f266b0	3425777	890
ef5c1a3ce43c4e9493cb29c4eb2ead5f	Closer_zY	891
2500acfd09c94e70ba29596494037f11	Miss_Mogui	892
f4b836db7d8f48faaae7c3b526a6e708	YQ-4AM	893
d1199e2ff85646008f7f48dfd6d66881	Asia-pangzi	894
bb3e0e6fcbb24640b0e302ff45f0b498	4AM_AyZzz	895
73c4fc0362444888b2e67e2f21153520	Me_17cm	896
4ff20c050d8146e78b914d4e55913c36	HuYaTv-16222509	897
438ce5d0b27e40e0b9d7d4d3f94faf20	Athena-r	898
e8dd21e8d8624d0699e7cc0cad087bfa	Margera_	899
fcd8d2ba6873420a82e22c888fc14c1c	Killthefool	900
46ca50e8b3b9415aae6a6222b5a91f7e	dongdong4411	901
4935101832d14d988f99761a1757229a	NikLaus_Leslie_	902
67ed1bdd664149bd98f169cab951d065	QK_YouRan	903
643641deab074f74b425eda03ae1d618	GGGGGGGGGGGGGlll	904
2ef1012eb9db4b50a3810bc19d851f57	Mester___	905
63ceb39dfdb9473080fdf073cab9e3e0	DundunkingA	906
0f8eea9c7da7460d82e83ed6fdaf39fd	smilexf8	907
4c3249c5114e43c1b6ac5e535e75c104	DANHUN_	908
a3d4331423b248069a88cabef1ee75d6	LyyyL	909
674c4dcc2bc2445aac433b1347eea206	taehyun11	910
0e0bce6b52d649909314c3cb057b3e8e	Virus_Ss	911
c4db14dc53c54816bbc078927e9ba02a	C4Ne1t	912
58bb96578bae4848aac37b8cc5ef06b7	Ddnm_Zzzzzz	913
0a6a9deb59c141fa89da41e4864329b5	OMG-Messi	914
5753be0aa8c84471984732f4748dd7c5	yangxifacai	915
3d69de2920d34aa1bef11d14a709fb4b	H1Z1LiuChao	916
3891f33a4ff840d9ba14175bcffa15d1	HuyaTV-17670511	917
1f8ffaf58aa84eddba149f7db9db4e36	QIY_69769	918
2cc7ebb9d89a4d8b8b50d6defc066426	M4A-6	919
0c237e5c60ef47a3ba72be9330ceb67d	gain0904	920
8b097f090538488f91ae794926411958	Monster_TTi	921
ef9478eb558b48b88bff7ff6f05bbb8c	C-bal_Cut	922
a264bfd90d1e4ed099a60af302992984	ZhongHaoEmmmmmm	923
8225c57847574771ab1285c1f8d114e3	Yy38382404-ZXT	924
39c3983f4ca247219febb79709eb022a	GreedyHydra	925
51aa2b4551334a28b7c2a77ef608791d	4AM_yiheLDH	926
7114bc748d614a0e9b95a457405207ee	qqrrddgg00	927
dadd8d5ca5924de1b6aa204348470147	i_GouZei	928
615354499fce46f18602c7708e62184a	HuYaTV-17025649	929
ba4d3481d9bd441fb3d66ff48a124712	RemainDerYearh-	930
e8469df73dab47a6a234060aaffe115e	1z2tap	931
00087ce1541e480a84e758637a1fe1c3	OTL-Shine	932
eb25f02f88924f3688b04ae0f3f1b62e	DOYUTV-AKM	933
6648f245312943afa4dfdd2494959d0e	i-amabadboy	934
dcb761681dad4b94a4492987e85591e7	Godfather0616	935
fdaed5008e034971a2018371945e4a4c	183m	936
8f960325224c487198b0ad1eaded043c	LiuDanDan206	937
026dc1a796e94497bac851fcfd7c7bba	MissZoya	938
999fd1f11b134dad8a65bcf94f804fb5	Roututututu	939
f23fd1c590f0476c81f212cc48827947	Amy-hy	940
9634c85b5d1440f0b4d3759053c7ceb5	piiero	941
d4713df08e894fb185b71e11acafcc6c	BHX6666	942
dbd9f76c5b1c49e8abb3ae691281cb9b	OTL-DayoungEmon	943
0d61f482a41f4a64a807b65e3a9d7bf8	RiotKR	944
fa811b0e458c42fb930f79b1bd933b15	yigerenfeiba	945
7100db23eb2b4769a296d80d91913cf2	Gadw-QiYi	946
247cde515151429f95d783620ebe67c5	Smoke-with-me	947
91eb219e50ce4922b45ecf1f77a4f7a2	Ruq1_	948
de583471d6e64bf69fa0f0e3f0aa96c6	Kui-she-nice	949
7712c8c458684b419a4f72bbc39e1a82	OTL-Baccumogo	950
043fd1f55c604c91ad542c0604a04477	Surprise_No_2	951
a7b4178b5c8644fdbbec385a79dbe3f4	eternallys_99	952
71121a4324ec4c70baa9bb67714d2358	xiaogangqiang123	953
d60fa6ea10984fb3a909651d4e2d4300	L8ngIn_FarAway	954
59e055f8b2804e37b03c32e0e593aa52	6nno	955
ad07ae0038fb4ca797f6f084e6f955d2	MIKAKITY	956
8e82ac30113f412cbd00fb94e24f386f	MMLP1314520	957
4d3ca78c2dbc4c5cb2c13e2a45425ab4	mmjss	958
241db3f928fe49f6ab7f5b80aeb83ef9	90john	959
ff9873cd1f7c4cc9ab2f03c0a7e33058	NMG-DK-9527	960
bfe4db6085a847758e415c5df7c2828d	AmiLinnz	961
165e8ea87c464ff7b46a780d26010269	luoli8268042	962
7ad4e998b8994a649ce49f202e026005	T-Fatflexible-7	963
c1a131eac5964eafba4ffe72b4911bf6	OMG_M416gg	964
2a37c74d3d264fc4a42448560543e38b	Kbz-BibibiMoN-3-	965
5033a6a5b2bd4106aad4b6502cf3825a	BF_ChAoChAo	966
61e1e9e68f58406d80377e7ade5d2252	OFDCareless_	967
14985aeb53fa4cfb829019e054858dcc	yueleng_solo	968
a68663e348fd4ddeba21e36cd8330e5f	PowerMax_Archer	969
2f2f25caa7fa44419445bd335b0f00a6	blue-1G	970
73c38ac570ad4e41812f377554a56e77	DesperadoLi	971
91bdbe7163284a719d5114d44ea7d09d	cnm-m24-	972
64163175b2ca4a71a4de0c08a4247c6f	JDK_GuYan	973
681d8c1c7d1e41d587cb8e2461bf687f	Sac_mm	974
4a2ab03d672e442499dc70f31d7973b7	HeyWaterS	975
772051ac60a146edaea10053c286d426	mengxiaobai_	976
f94a33e2387b4d9a9f2a7353933c501e	Azure_ice	977
104bdef29397475b82d95d0d10e7a997	Fz_shot	978
bfa89a9999e0423dbce703f23d2f9db7	DeathGun911	979
4bf0332f0c914710b90c965ba8e606d2	Cure_Cll	980
f7d3bd11464847ce8bb7f8bd302054af	FNO_weidada	981
32f3c7f100aa4a528063ee5e8602948f	Overlord_Fan	982
d19237e8e1294b4c9eb225abf366e0df	4o_umer_DA	983
6dcd2f8b9ae1442686bb9a1a096c2fd5	bunianjiouren	984
a2e5e1d11d1b4b37b17a4111da89b4f7	Ming_A_Ming_CN	985
83f09b69efd945e881e4bcb3e6bc9e2b	Bro_SaNhok_Sinon	986
07abebf3b5c641b5bfe492dcd336ec72	Queen__Coco	987
3b6765223f354edda993fd4d7e8469b6	Ana_poi	988
cd8ed4d4b4da4a2eaa4090377d884252	Lx_GZS	989
f1f0cea66f51408a90705563a30a4226	JB_AG	990
bca0db5f86454beeafd3d55eb2f40935	luoyu321	991
9b9d7570c9ac42758127151dcd113517	yzh013a	992
19e81894ee4b4186a35398bcb93052e4	hotwings-Hotwing	993
b06e7b48f626474a835e6f4cfb2e0bd4	1st-mayilow	994
c915ad027cf04732b005fc3ee270bdbf	Joying_xu	995
3f574126b2064b4eb2be96f6786ae556	Hzz_oRz	996
bd0508e5715941debc65ff771a783f69	gushoubai	997
d125d4b1b3ef40f4b497cf07bf101f5f	Like-minded	998
fb939aeb53da432196c86651bf185e09	FZRO	999
c9ea48593e2e4220bbe6d51a2977c259	Mgfsds	1000
